"","mean","se_mean","sd","2.5%","25%","50%","75%","97.5%","n_eff","Rhat"
"phi",0.748595598575475,0.000183737250762984,0.0265995644768217,0.696685975996469,0.730474830284298,0.74852081167486,0.766691931526343,0.800681254139239,20958.2310625324,1.00008205173729
"alpha",3.01727194736518,0.0022385191249533,0.324043654911456,2.38105789074049,2.79713686268988,3.01815183601145,3.23792095003397,3.65078790927822,20954.8919398847,1.00008109908151
"ln_pred[1]",12.1793334783304,6.12539793385456e-05,0.0122027046679006,12.1555208766964,12.1711726952054,12.1792869362757,12.1875649234728,12.2032908444091,39686.5718247257,1.00000802663085
"ln_pred[2]",12.5206930712808,0.000112102664972884,0.0183870572140349,12.4846431683048,12.5082718636476,12.5207339744656,12.5330923605181,12.5567920195155,26902.4963304113,1.00005925478848
"ln_pred[3]",12.284136862131,7.04108909169507e-05,0.0132546405980538,12.258237744842,12.2752282569163,12.2842158614235,12.2930721502138,12.310317971823,35436.9416478302,1.0000251037959
"ln_pred[4]",12.2796452885395,6.98488425297956e-05,0.0131897287719991,12.253889858694,12.2707869989765,12.2797298112458,12.288543637391,12.3056694681784,35657.6979980174,1.00002429114303
"ln_pred[5]",12.6045357783213,0.000129973780914857,0.0207258118400558,12.5640405551684,12.5905111545797,12.6045746788181,12.6184971571394,12.6452346297406,25427.9645219264,1.00006600544956
"ln_pred[6]",12.4847604825492,0.000104748281987244,0.017444598347887,12.450557430494,12.4729622926356,12.4847989879965,12.4964906034682,12.5190346657095,27734.997537668,1.00005557803608
"ln_pred[7]",11.9075932760475,8.19645204558415e-05,0.0144450349808992,11.8789606393865,11.8978457502316,11.9076589107331,11.9173392661358,11.9357118516979,31058.8514188891,1.0000165734542
"ln_pred[8]",11.9315483352019,7.81127178695208e-05,0.0139963323898515,11.9037496575541,11.9221403064882,11.9315935431165,11.9409824655725,11.958733472049,32105.9109975464,1.00001349602761
"ln_pred[9]",12.056563800164,6.32168581465211e-05,0.0123616621245857,12.0321961686873,12.0482726738406,12.0565440774824,12.0648774259334,12.0808487643541,38237.3619959265,1.00000211435138
"ln_pred[10]",11.9150792320333,8.07349635468339e-05,0.0143008860385174,11.8867239254439,11.9054631809669,11.9151505493441,11.92472419714,11.9428882749204,31376.3618319205,1.00001560244877
"ln_pred[11]",11.7975497230569,0.000102134863246379,0.0169085949021342,11.763904043961,11.786205481608,11.797675380971,11.809003840782,11.8304542769971,27407.3480694181,1.00003052376965
"ln_pred[12]",12.0872562197056,6.13847678704399e-05,0.0121764695182686,12.0633488192691,12.0790666940222,12.087211647797,12.0954765098763,12.1112234982098,39347.89792459,1.00000167524408
"ln_pred[13]",12.1808306695276,6.13105722151637e-05,0.0122103761317105,12.157011989302,12.1726689441465,12.1807863198771,12.1890616274785,12.2048159677864,39663.1630852561,1.00000821714876
"ln_pred[14]",12.2092773022734,6.29166804303724e-05,0.0123986748691554,12.1851223284482,12.200979958371,12.2092525302775,12.2176162630727,12.2336315925899,38834.6094650221,1.00001223997582
"ln_pred[15]",12.37396833396,8.39078953004006e-05,0.0148564632517989,12.3449932871197,12.3639393026248,12.3740172566148,12.383961588651,12.4031872223015,31349.1096462292,1.00004067495344
"ln_pred[16]",12.2122716846677,6.31317703634091e-05,0.0124231146949173,12.1880544669497,12.2039426961419,12.2122475089714,12.2206293839951,12.2366936586875,38722.6484468173,1.00001270281851
"ln_pred[17]",12.3537562527985,8.0547083667871e-05,0.0144501332071064,12.3255117218022,12.3440006467192,12.3538424305654,12.3634715177935,12.3822097374529,32184.2994053581,1.00003737509048
"ln_pred[18]",12.3866944591358,8.61021136499215e-05,0.0151242012147359,12.3571699098103,12.3764970265015,12.3867476831045,12.3968318107202,12.4165068057397,30854.4115369554,1.00004266731247
"ln_pred[19]",12.6696635953974,0.000144354318264655,0.0226465372225403,12.6254131434895,12.6543807481153,12.6696896722248,12.6849908439638,12.7140376082257,24611.838171043,1.00006984550169
"ln_pred[20]",12.6187590946942,0.000133083114351391,0.0211385544538301,12.5774737881255,12.604500339652,12.6187961304834,12.6329866810214,12.6602636512343,25229.2685235393,1.00006693517203
"ln_pred[21]",12.5147043064922,0.000110862093334947,0.0182271542200356,12.4789656695878,12.502416128936,12.5147387706703,12.5269893612533,12.5505187208569,27031.5896879263,1.00005867794782
"ln_pred[22]",12.35824782639,8.12799925905013e-05,0.0145383443267195,12.3298038644775,12.3484344435447,12.3583380445479,12.3680209985755,12.3868443795327,31993.5616592019,1.00003812199052
"ln_pred[23]",12.3342927672355,7.74708550087643e-05,0.0140824084382979,12.3067259508491,12.3247814554914,12.334370638066,12.3437461403137,12.3620672081398,33042.825298279,1.00003405818157
"ln_pred[24]",11.9891901962923,6.99922775676878e-05,0.013081582461878,11.9633643469518,11.9803893994838,11.9892295370018,11.9980337403541,12.0147400526195,34931.7477044352,1.00000684577302
"ln_pred[25]",11.7855721934797,0.000104513226787555,0.0172090987769927,11.7513710040741,11.7740503618145,11.7857002541614,11.7972201741154,11.8190673145035,27112.7607422139,1.00003191464035
"ln_pred[26]",12.125434595233,6.04626177342883e-05,0.0120802951567317,12.1016622229899,12.1173276808114,12.1253768434129,12.1335817062101,12.1492158169299,39919.1420570772,1.00000293155717
"ln_pred[27]",12.2856340533281,7.06010396071755e-05,0.0132766336875889,12.2596803098017,12.2767035560246,12.2857135616199,12.2945741430944,12.3118487979034,35363.37884026,1.00002537480303
"ln_pred[28]",12.2654219721666,6.81551598131411e-05,0.012994971185367,12.2401250155169,12.2567123528666,12.2654571788788,12.2742151820315,12.2909959168281,36354.0801792075,1.00002172882634
"ln_pred[29]",12.6052843739199,0.000130136947446095,0.0207474329198765,12.5647368707984,12.5912410651941,12.605322680515,12.6192534542583,12.6460381951195,25417.1883507276,1.00006605576983
"ln_pred[30]",12.5229388580766,0.000112569302899868,0.0184472963457875,12.4867602860029,12.5104859207216,12.5229863324353,12.5353905844698,12.5591435930176,26855.0209620613,1.00005946753601
"ln_pred[31]",12.5154529020908,0.000111016858601582,0.0182470830122805,12.4796658729572,12.5031478216661,12.515493749526,12.5277522273418,12.5512946667698,27015.2522715529,1.00005875081567
"ln_pred[32]",12.3170750684683,7.48962749002767e-05,0.0137778854925071,12.2900904445099,12.3077921102492,12.317144192792,12.3263145473068,12.3442232201498,33841.1183213242,1.00003103229188
"ln_pred[33]",12.2085287066749,6.28641243475038e-05,0.0123927001150745,12.1843761280963,12.2002357496057,12.2084990818314,12.2168582850051,12.2328821923682,38862.0888218606,1.00001212530454
"ln_pred[34]",12.1351663380145,6.04238273153882e-05,0.0120800474470118,12.111472917715,12.1270870634403,12.1350986188137,12.1433282624694,12.1588556967435,39968.7732783932,1.00000357606614
"ln_pred[35]",11.7466452223538,0.000112422045212822,0.0182201962994863,11.7104119395493,11.7344190977887,11.7468266532723,11.7589568810311,11.7822601099879,26266.5563993638,1.0000361854439
"ln_pred[36]",11.7369134795723,0.000114437452207526,0.0184805043202924,11.7001837998986,11.7245198142414,11.7370980181501,11.7493872549302,11.7729979924518,26079.0205608835,1.00003719158227
"ln_pred[37]",11.4202575413749,0.000185188781038262,0.0279798928401514,11.364966898563,11.4013945654686,11.42026976525,11.4391645776986,11.4748895429803,22827.7310731689,1.00005855158071
"ln_pred[38]",11.5445244107384,0.000156631923226037,0.0240726007031885,11.497083924102,11.5283301519759,11.5445868399918,11.560737862095,11.5915506752836,23620.3029406892,1.00005238716916
"ln_pred[39]",11.4891283364438,0.000169278351141859,0.0257941559984025,11.4382574566167,11.4717405185017,11.4891885436515,11.5065286204524,11.5395332823414,23218.8017736317,1.00005540583762
"ln_pred[40]",11.8065328702398,0.000100370143196576,0.0166867893729028,11.7733057962948,11.7953468619147,11.8066587349622,11.817857033624,11.8390094748216,27639.9008493075,1.00002945828536
"ln_pred[41]",11.8349795029857,9.49005738902707e-05,0.0160061361126054,11.8031776346214,11.8242452447677,11.8350645125162,11.8458251537815,11.8660919508846,28446.9254067404,1.00002596902779
"ln_pred[42]",11.8409682677743,9.3774126766537e-05,0.0158673255533206,11.8094376217213,11.8303198221321,11.8410452836299,11.8517065617749,11.8717745987137,28631.3224041671,1.00002521461246
"ln_pred[43]",11.8664205181259,8.90961952559742e-05,0.0152963654960254,11.8360784994558,11.8561437882303,11.8665031060235,11.8767155994279,11.8961932880153,29475.2968481812,1.00002194932666
"ln_pred[44]",12.2489528689979,6.63677823208354e-05,0.0127907229846111,12.2240700997852,12.2404071690327,12.2489550017893,12.2576119230953,12.2741204769899,37142.8799573799,1.00001880925907
"pred[1]",194737.529523558,11.92780511608,2376.36344007012,190140.942106039,193140.405919776,194713.969236144,196332.498821696,199444.412900604,39692.152837368,1.00000747464417
"pred[2]",273994.169449002,30.7175295605092,5038.2302226136,264247.955921149,270566.141650595,273959.064470327,277365.7636449,284017.751228862,26901.930585635,1.00006028243792
"pred[3]",216257.412915975,15.2274241045196,2866.58575465248,210709.933696647,214320.58995904,216255.500741153,218179.227875912,221974.540495013,35438.6353087628,1.00002502103277
"pred[4]",215288.070202912,15.0381329495577,2839.75856000542,209795.779653152,213370.847523915,215287.540495968,217193.434219064,220945.085600881,35659.4790772865,1.00002418651903
"pred[5]",297970.731761249,38.7331036749634,6176.0252657933,286083.943411497,293757.875584275,297918.33336547,302095.102927608,310281.314080811,25424.5650169301,1.0000673760009
"pred[6]",264319.17124869,27.6882553170951,4611.2112367043,255392.646607125,261179.2657878,264289.134164294,267397.235049889,273493.918758316,27735.6822271139,1.00005645031308
"pred[7]",148404.596908218,12.1586107588923,2143.2905278888,144200.59634806,146949.717618882,148398.85747543,149842.386823042,152620.824280927,31073.7865778133,1.00001554417954
"pred[8]",152001.590905197,11.8682689922854,2127.07584506834,147819.861228983,150563.515868336,151993.577115494,153427.353299114,156175.159249856,32121.1577063519,1.00001248114679
"pred[9]",172239.322275157,10.8855173318258,2128.98084036313,168080.140039015,170804.118636354,172222.767465428,173663.956422551,176459.870051035,38251.2259527395,1.00000122347712
"pred[10]",149519.406172817,12.0662375356852,2137.84996111221,145324.423478624,148073.371157557,149514.78292176,150953.058580648,153720.035392772,31391.4013309924,1.00001457763364
"pred[11]",132945.246396111,13.5719516637556,2247.40491052473,128528.255198696,131426.821026954,132942.951749744,134457.553490155,137372.88242071,27420.6687515724,1.0000294172831
"pred[12]",177607.323808698,10.9009472356445,2162.50450257312,173398.69533304,176145.686183922,177586.243327241,179060.051155331,181902.025231965,39353.6995605654,1.00000084337881
"pred[13]",195029.325478641,11.956725938903,2381.42269267146,190424.675146973,193429.608353077,195006.139151257,196626.570473339,199748.822309067,39668.7417851425,1.00000767095456
"pred[14]",200657.381643913,12.6244609476215,2487.96982654528,195853.523246734,198984.051717316,200636.989188823,202322.100442286,205588.441498406,38838.6862947006,1.00001181011833
"pred[15]",236588.751981323,19.8527996458735,3515.10259746457,229806.582192117,234202.00768319,236574.218177331,238938.527006338,243576.714775987,31349.6352118775,1.00004103339564
"pred[16]",201259.188111408,12.7056526800926,2500.35439061941,196428.635645455,199574.463468898,201238.793442275,202932.640750174,206218.931703976,38726.5828822052,1.00001228584342
"pred[17]",231853.423162648,18.6761319701551,3350.53351963245,225372.917841177,229578.580074984,231849.197973369,234092.477156899,238520.308696739,32185.0409462179,1.00003763492946
"pred[18]",239619.811506281,20.6329849466678,3624.29418322112,232621.956323728,237161.595779174,239605.160531869,242033.593282102,246842.758033941,30854.80182816,1.00004308723753
"pred[19]",318036.046784043,45.9177410855168,7202.83719048196,304191.629955809,313132.201110545,317962.799503273,322865.415134799,332381.14224084,24606.2916269202,1.00007146683959
"pred[20]",302241.758212624,40.2285919902634,6389.30819175042,289952.90381353,297896.187187621,302185.434813518,306504.182730803,314979.756679842,25225.3969612712,1.00006836151526
"pred[21]",272357.389261049,30.1960206428062,4964.58124024024,262751.93932534,268986.407868106,272321.53760561,275678.155567058,282241.600038984,27031.2305435836,1.00005968007918
"pred[22]",232897.449869163,18.9309446704306,3386.16631343131,226342.329493773,230598.744784854,232893.848883794,235159.902657731,239628.330615367,31994.2546748342,1.00003840382828
"pred[23]",227383.187252047,17.6164667172445,3202.31246339285,221178.633602806,225208.395667382,227378.347495229,229520.158290468,233763.969548742,33043.7856248126,1.00003422227771
"pred[24]",161018.693737422,11.2659466118764,2106.07639238987,156900.064051415,159594.164410652,161011.253171919,162435.087653778,165171.573599318,34947.2383813918,1.00000587214487
"pred[25]",131363.062255755,13.7226968795478,2260.12167842835,126927.457832457,129838.982009834,131360.437360578,132882.448978197,135817.494936731,27125.9340308556,1.00003079741944
"pred[26]",184518.970296381,11.1554297277594,2228.98928106712,180171.098027841,183015.784245456,184494.852697127,186014.834745343,188945.863580647,39924.8552726343,1.00000219671267
"pred[27]",216581.49730014,15.291437811077,2875.64603152058,211014.11581169,214637.010284178,216579.629310128,218507.177750387,222314.605134733,35365.0444402519,1.00002529934292
"pred[28]",212247.092459807,14.4661215906427,2758.29808693732,206927.757865882,210388.763471668,212236.644526386,214103.577095762,217726.70681114,36356.174077622,1.00002155555178
"pred[29]",298194.008529162,38.8108093164251,6187.10084849318,286283.21750357,293972.37084717,298141.26014925,302323.663002353,310530.745606472,25413.7639492503,1.00006742927309
"pred[30]",274610.498035685,30.9148202526653,5066.10601671059,264807.992568124,271165.854184376,274576.81378769,278003.945347562,284686.425761748,26854.3779125795,1.0000605047168
"pred[31]",272561.450186745,30.2608438364154,4973.73283502225,262935.983545063,269183.295289417,272527.212238795,275888.541320908,282460.689244781,27014.8672654029,1.00005975614488
"pred[32]",223500.735127475,16.7401589640384,3079.56565745596,217529.650533292,221414.571033933,223494.971252109,225553.925612475,229629.683854138,33842.2929258867,1.00003111140082
"pred[33]",200507.211767951,12.604464962988,2484.90887318317,195707.431792271,198836.021131886,200485.876496051,202168.802833028,205434.431189827,38866.201953459,1.00001169224388
"pred[34]",186323.426984731,11.2573906467863,2250.75917992448,181947.400803807,184810.649453146,186297.217113214,187836.702844792,190776.086387766,39974.458214459,1.0000028703392
"pred[35]",126350.007379086,14.1977986751552,2301.59020288405,121833.658634345,124793.930233962,126351.96355187,127893.975215994,130909.314925462,26279.3109243599,1.00003502948809
"pred[36]",125126.962874827,14.3124303738022,2311.87552656541,120593.878092163,123564.654247985,125128.691433767,126675.915177777,129702.415315038,26091.6846698628,1.00003602502441
"pred[37]",91185.2909032565,16.8750997518666,2550.97005453277,86246.6849302507,89446.375249223,91150.7278487279,92889.3777614265,96267.835894778,22851.6742000251,1.00005689061285
"pred[38]",103240.250782987,16.1597781761099,2484.77427721472,98428.3276372765,101552.395081687,103216.792827946,104897.384635537,108179.879905234,23643.0279225171,1.00005094713395
"pred[39]",97680.8608330177,16.5240569826906,2519.14811771914,92805.1540548989,95965.162935445,97654.2583502522,99362.3571735745,102696.496595579,23242.0290027626,1.00005387022235
"pred[40]",134144.393698701,13.457768673632,2237.9317464521,129742.344361718,132633.751681826,134142.605736209,135653.21705075,138553.176230133,27653.3376400406,1.00002835949105
"pred[41]",138013.608773604,13.0914895459941,2208.57575363581,133676.453697396,136522.572299637,138007.665889121,139500.735660483,142356.812774729,28460.7587228183,1.00002489265668
"pred[42]",138842.312662755,13.0137908471229,2202.57185856853,134515.891266077,137354.413210013,138835.531319668,140323.613871525,143168.079295629,28645.2440678491,1.00002414261056
"pred[43]",142420.251500881,12.6833295779526,2178.04961054886,138147.674831312,140947.644983164,142415.355544103,143877.22337564,146707.089285416,29489.6066536147,1.00002089471698
"pred[44]",208779.650043194,13.8564706324587,2670.57789446685,203632.076881973,206986.15149781,208763.017863059,210578.108091351,214083.301369629,37145.4178720966,1.0000185579283
"residual[1]",0.515666521669575,6.12539793385427e-05,0.0122027046679006,0.49170915559091,0.507435076527173,0.515713063724276,0.523827304794569,0.539479123303558,39686.5718247294,1.00000802663086
"residual[2]",-0.141693071280843,0.000112102664972892,0.0183870572140349,-0.17779201951549,-0.154092360518105,-0.141733974465593,-0.129271863647617,-0.105643168304829,26902.496330407,1.00005925478848
"residual[3]",0.088863137869008,7.04108909169438e-05,0.0132546405980538,0.0626820281770321,0.0799278497861531,0.0887841385764903,0.0977717430836544,0.114762255158008,35436.9416478372,1.0000251037959
"residual[4]",0.527354711460462,6.98488425297938e-05,0.0131897287719991,0.501330531821566,0.518456362609044,0.527270188754234,0.536213001023483,0.553110141305985,35657.6979980193,1.00002429114303
"residual[5]",0.0424642216787049,0.000129973780914864,0.0207258118400558,0.00176537025939227,0.0285028428605529,0.0424253211818835,0.0564888454202763,0.0829594448316357,25427.9645219238,1.00006600544956
"residual[6]",-0.60876048254922,0.000104748281987246,0.017444598347887,-0.64303466570954,-0.620490603468175,-0.6087989879965,-0.596962292635596,-0.574557430493985,27734.9975376665,1.00005557803607
"residual[7]",0.000406723952472286,8.19645204558485e-05,0.0144450349808992,-0.0277118516979069,-0.00933926613575053,0.000341089266854055,0.0101542497683798,0.0290393606134811,31058.8514188838,1.0000165734542
"residual[8]",0.143451664798057,7.81127178695215e-05,0.0139963323898515,0.11626652795098,0.134017534427457,0.143406456883505,0.152859693511787,0.171250342445886,32105.9109975458,1.00001349602761
"residual[9]",-0.170563800164047,6.32168581465261e-05,0.0123616621245857,-0.194848764354146,-0.178877425933361,-0.170544077482377,-0.162272673840649,-0.14619616868728,38237.3619959205,1.00000211435138
"residual[10]",-0.186079232033283,8.07349635468316e-05,0.0143008860385174,-0.213888274920449,-0.195724197140029,-0.186150549344108,-0.176463180966864,-0.157723925443888,31376.3618319222,1.00001560244877
"residual[11]",0.318450276943068,0.000102134863246374,0.0169085949021342,0.285545723002894,0.306996159217952,0.318324619029005,0.329794518392037,0.352095956039019,27407.348069421,1.00003052376965
"residual[12]",0.153743780294358,6.13847678704408e-05,0.0121764695182686,0.12977650179017,0.145523490123722,0.153788352202958,0.161933305977768,0.177651180730849,39347.8979245889,1.00000167524408
"residual[13]",0.0981693304724241,6.13105722151634e-05,0.0122103761317105,0.0741840322136086,0.0899383725215421,0.0982136801229387,0.106331055853479,0.121988010698009,39663.1630852564,1.00000821714876
"residual[14]",0.289722697726556,6.29166804303735e-05,0.0123986748691554,0.265368407410141,0.281383736927302,0.289747469722466,0.298020041628979,0.313877671551765,38834.6094650208,1.00001223997582
"residual[15]",-0.0909683339600496,8.39078953004026e-05,0.0148564632517989,-0.120187222301456,-0.100961588651049,-0.0910172566148209,-0.0809393026247593,-0.0619932871197413,31349.1096462277,1.00004067495344
"residual[16]",0.259728315332254,6.31317703634057e-05,0.0124231146949173,0.235306341312523,0.25137061600492,0.25975249102863,0.268057303858108,0.28394553305028,38722.6484468215,1.00001270281851
"residual[17]",0.162243747201489,8.05470836678732e-05,0.0144501332071064,0.133790262547067,0.152528482206511,0.162157569434632,0.171999353280797,0.190488278197811,32184.2994053564,1.00003737509048
"residual[18]",0.507305540864168,8.61021136499314e-05,0.0151242012147359,0.477493194260348,0.497168189279821,0.507252316895538,0.517502973498459,0.536830090189709,30854.4115369484,1.00004266731246
"residual[19]",0.156336404602639,0.000144354318264668,0.0226465372225403,0.111962391774346,0.141009156036227,0.156310327775223,0.171619251884692,0.200586856510529,24611.8381710386,1.00006984550169
"residual[20]",0.0682409053057699,0.000133083114351394,0.0211385544538301,0.0267363487657215,0.0540133189785985,0.0682038695166058,0.0824996603480033,0.109526211874492,25229.268523538,1.00006693517203
"residual[21]",-0.0367043064922378,0.000110862093334946,0.0182271542200356,-0.072518720856853,-0.0489893612533128,-0.0367387706702544,-0.0244161289359974,-0.000965669587798012,27031.5896879267,1.00005867794782
"residual[22]",0.0877521736100362,8.12799925905033e-05,0.0145383443267195,0.0591556204672502,0.0779790014244877,0.0876619554520639,0.0975655564553155,0.116196135522488,31993.5616592004,1.00003812199052
"residual[23]",-0.349292767235549,7.74708550087542e-05,0.0140824084382979,-0.377067208139842,-0.358746140313715,-0.349370638065984,-0.339781455491356,-0.321725950849054,33042.8252982875,1.00003405818157
"residual[24]",-0.276190196292255,6.999227756769e-05,0.013081582461878,-0.301740052619452,-0.28503374035408,-0.276229537001773,-0.267389399483777,-0.250364346951848,34931.747704433,1.00000684577303
"residual[25]",0.381427806520275,0.00010451322678755,0.0172090987769927,0.347932685496463,0.369779825884606,0.381299745838643,0.392949638185521,0.415628995925881,27112.7607422163,1.00003191464035
"residual[26]",0.255565404767009,6.04626177342887e-05,0.0120802951567317,0.231784183070108,0.247418293789926,0.255623156587053,0.263672319188593,0.279337777010112,39919.1420570766,1.00000293155716
"residual[27]",0.0683659466718564,7.06010396071815e-05,0.0132766336875889,0.0421512020965873,0.059425856905591,0.0682864383800723,0.0772964439754378,0.0943196901983021,35363.378840254,1.00002537480303
"residual[28]",0.542578027833396,6.81551598131399e-05,0.012994971185367,0.517004083171871,0.533784817968519,0.542542821121189,0.551287647133433,0.567874984483138,36354.0801792088,1.00002172882634
"residual[29]",0.09271562608013,0.000130136947446099,0.0207474329198765,0.0519618048805014,0.0787465457417111,0.0926773194850377,0.106758934805905,0.133263129201648,25417.1883507258,1.00006605576983
"residual[30]",0.165061141923432,0.000112569302899867,0.0184472963457875,0.128856406982447,0.152609415530228,0.165013667564707,0.17751407927837,0.201239713997095,26855.0209620615,1.00005946753601
"residual[31]",-0.0924529020908139,0.000111016858601564,0.0182470830122805,-0.128294666769823,-0.104752227341816,-0.0924937495259517,-0.0801478216660692,-0.0566658729572396,27015.2522715617,1.00005875081567
"residual[32]",-0.0390750684683122,7.48962749002748e-05,0.0137778854925071,-0.066223220149828,-0.0483145473068101,-0.039144192792036,-0.029792110249244,-0.0120904445099204,33841.118321326,1.00003103229188
"residual[33]",-0.0285287066748693,6.28641243475166e-05,0.0123927001150745,-0.0528821923682307,-0.0368582850051444,-0.0284990818314288,-0.0202357496056997,-0.00437612809628325,38862.0888218448,1.00001212530454
"residual[34]",-0.474166338014472,6.04238273153875e-05,0.0120800474470118,-0.49785569674349,-0.482328262469372,-0.474098618813672,-0.466087063440283,-0.450472917714954,39968.773278394,1.00000357606614
"residual[35]",-0.0986452223538004,0.000112422045212828,0.0182201962994863,-0.134260109987906,-0.110956881031069,-0.0988266532722886,-0.0864190977886539,-0.062411939549319,26266.5563993608,1.0000361854439
"residual[36]",-0.511913479572319,0.000114437452207522,0.0184805043202924,-0.547997992451832,-0.52438725493024,-0.512098018150104,-0.499519814241353,-0.475183799898584,26079.0205608849,1.00003719158228
"residual[37]",-0.0292575413748929,0.000185188781038263,0.0279798928401514,-0.0838895429803003,-0.0481645776986261,-0.0292697652500467,-0.0103945654685611,0.0260331014369518,22827.7310731686,1.00005855158071
"residual[38]",-0.227524410738422,0.000156631923226029,0.0240726007031885,-0.274550675283578,-0.243737862095035,-0.22758683999179,-0.21133015197586,-0.180083924102008,23620.3029406915,1.00005238716916
"residual[39]",0.251871663556163,0.00016927835114186,0.0257941559984025,0.201466717658604,0.234471379547581,0.251811456348523,0.269259481498297,0.302742543383331,23218.8017736316,1.00005540583762
"residual[40]",-0.0275328702398383,0.000100370143196572,0.0166867893729028,-0.0600094748216482,-0.0388570336240295,-0.0276587349621797,-0.0163468619146601,0.0056942037051869,27639.9008493097,1.00002945828536
"residual[41]",-0.0479795029857056,9.49005738902745e-05,0.0160061361126054,-0.0790919508846269,-0.0588251537814761,-0.0480645125161701,-0.0372452447676861,-0.0161776346213805,28446.9254067381,1.00002596902779
"residual[42]",-0.0199682677743112,9.37741267665372e-05,0.0158673255533206,-0.0507745987136706,-0.0307065617748941,-0.0200452836299458,-0.00931982213207183,0.0115623782787467,28631.322404167,1.00002521461246
"residual[43]",0.465579481874124,8.90961952559793e-05,0.0152963654960254,0.435806711984663,0.455284400572119,0.465496893976513,0.475856211769702,0.495921500544241,29475.2968481778,1.00002194932666
"residual[44]",-0.585952868997945,6.63677823208253e-05,0.0127907229846111,-0.611120476989943,-0.594611923095281,-0.585955001789316,-0.577407169032741,-0.561070099785233,37142.8799573912,1.00001880925907
"mean_ln_cv",0.00801774595555555,0,0,0.00801774595555555,0.00801774595555555,0.00801774595555555,0.00801774595555555,0.00801774595555555,2.00030004500643,0.9998999949995
"ln_fcst",11.748142413551,0.000112113246036977,0.0181804018686571,11.7119638348656,11.7359481241706,11.7483217065825,11.7604132048853,11.7836934706004,26296.2066358014,1.00003602844652
"fcst",126539.227558311,14.180004430615,2300.00264453539,122022.878505247,124984.889399171,126541.007753617,128080.365952607,131097.089723607,26308.9755684395,1.00003487408948
"post_ln_pred[1]",12.1657590428666,0.000877279920198063,0.173558499659502,11.824626037156,12.0499495885541,12.1657962600512,12.2828135801781,12.5073967204226,39139.5110820747,0.999964312953628
"post_ln_pred[2]",12.5143161268312,0.000598302558251774,0.117553827738352,12.2852690696096,12.4352198885085,12.5142802279269,12.5933402883757,12.7463814218081,38603.9576367626,0.999985257904292
"post_ln_pred[3]",12.2697939003385,0.000871292231888293,0.169749396722838,11.9362970852112,12.1561179745009,12.2702388833783,12.3844021548411,12.6017618406209,37956.7303789043,1.00006548774409
"post_ln_pred[4]",12.2470241533808,0.00123000096091308,0.246524917256016,11.7656677239101,12.0802436093556,12.2459824502072,12.4121326396773,12.7313486089312,40170.8241591641,0.999996374897944
"post_ln_pred[5]",12.5916769917045,0.000832676059373165,0.166246538669059,12.2643446899551,12.480212419155,12.5913431957724,12.7035964885889,12.9169554043294,39861.4476742386,0.999935187354789
"post_ln_pred[6]",12.4826422079018,0.000351541130255869,0.0689278951015349,12.347664617064,12.436005448202,12.4827852207588,12.5293187362322,12.6181358018283,38444.8121574774,1.000090679191
"post_ln_pred[7]",11.9023120028846,0.000514967072768702,0.100201391954595,11.7058080356324,11.8343263992579,11.9020885911976,11.97050410552,12.0984990973122,37860.6954695177,0.999980513230207
"post_ln_pred[8]",11.9238523503846,0.000635449107175509,0.127343647466698,11.6764271163091,11.8372737001695,11.9235155659966,12.0103603213525,12.1731328158774,40159.9369652987,0.999951726097602
"post_ln_pred[9]",12.050869936854,0.00054131103946952,0.107945060594744,11.8401324529961,11.9778823767648,12.05100753239,12.1236680294102,12.2647906486707,39765.9883175628,0.999963402851897
"post_ln_pred[10]",11.905215627044,0.00071342394934842,0.141638183487217,11.6267093317961,11.809839241311,11.9043445278324,12.0004534782081,12.1828707559509,39415.3446038993,1.00006486919343
"post_ln_pred[11]",11.7914818473486,0.00056185668802906,0.112257278155294,11.5721421077995,11.7156454976659,11.7915276121096,11.8676753660302,12.0111569957689,39918.8394005193,0.999933257466163
"post_ln_pred[12]",12.0836472842756,0.000374668043781157,0.0746501641609506,11.935793181488,12.0336809233028,12.0841754145146,12.1337758677887,12.2296520127738,39697.963549506,0.99990980042762
"post_ln_pred[13]",12.1752990432569,0.000488642421330409,0.0973132842210732,11.9842430940933,12.1101281292755,12.1752033238487,12.2413463111295,12.3674698576659,39660.8415176449,1.00001888001794
"post_ln_pred[14]",12.2062487107177,0.000398263516069375,0.0793910807709698,12.0505939214409,12.1529150183587,12.206403821318,12.2593272628468,12.3640308757335,39737.6683750791,0.999994665327175
"post_ln_pred[15]",12.3700785970707,0.000453226992653662,0.0889043256908884,12.1972075204514,12.3092492178294,12.3701861819924,12.4298217230564,12.5453410867885,38478.1559557868,0.999994999733403
"post_ln_pred[16]",12.2091228583616,0.000384275538548502,0.0753124731585123,12.0612977028322,12.1583097355094,12.2089406426203,12.259669438077,12.3585337588944,38410.3566015673,1.00006552908091
"post_ln_pred[17]",12.3485409077472,0.000507772274984148,0.101487615334252,12.148989771911,12.2802395336343,12.3486082725485,12.4168402041996,12.547630483111,39947.3640684365,0.999920987230374
"post_ln_pred[18]",12.3768994249502,0.00068354389594177,0.135850410892816,12.1122993008902,12.2851420620418,12.3768966564081,12.4686599948404,12.6418449822741,39499.2722279381,0.9999362900324
"post_ln_pred[19]",12.6633936753268,0.000569187316760966,0.110913321462183,12.4452554260739,12.5886460048939,12.6632854499599,12.7379279192919,12.8806209986994,37971.4335847712,0.999949431228294
"post_ln_pred[20]",12.6106023692061,0.000666359257253393,0.131343209588949,12.3516163125232,12.5219908304785,12.6098864603816,12.6993769444178,12.8675545149153,38850.6579998087,1.00003775197305
"post_ln_pred[21]",12.5090746835233,0.000500638632798417,0.0989936920397956,12.3162374663681,12.4418937821914,12.5096252487418,12.5756994908163,12.7021787572587,39099.0606979864,0.999987414937987
"post_ln_pred[22]",12.348870484791,0.000690930171035025,0.137105768101332,12.0786111986234,12.2570116068723,12.3489552198223,12.4409426360394,12.616701360533,39377.0463799582,1.000008435902
"post_ln_pred[23]",12.3279802675579,0.000547317283397034,0.109125280722055,12.1161384325281,12.2537485719831,12.327774436913,12.4015394530638,12.5427893258341,39753.2301004318,0.999989004943676
"post_ln_pred[24]",11.9874961861528,0.000336371011820985,0.066481565499188,11.8572047280427,11.9428897741703,11.9874021571456,12.0321831266239,12.1170393703436,39062.9782691142,1.00020640169966
"post_ln_pred[25]",11.7819739971142,0.000432084626052661,0.085383298420625,11.6139398285215,11.724664336224,11.7817032423107,11.8394546306429,11.9503949582739,39048.8481569239,0.999970746068016
"post_ln_pred[26]",12.1216803441474,0.000398739203730022,0.0799766858270077,11.9644477311822,12.0679419893839,12.1220293027227,12.1755020221585,12.2784103534402,40229.8980654557,1.00011307364457
"post_ln_pred[27]",12.2842699678926,0.000291380560888855,0.0584393665865074,12.1700991480485,12.2448714542077,12.2843492276772,12.3237122992856,12.3976255681533,40224.4255118174,0.999999115983612
"post_ln_pred[28]",12.2631210100289,0.000319734711322406,0.0644315850265523,12.1368861018494,12.2198164186478,12.2631542276647,12.3062343977479,12.3900100537648,40608.6036410532,1.00000549727932
"post_ln_pred[29]",12.6039989903964,0.000294848324949449,0.0570935902742712,12.4919755342457,12.5655069407742,12.6042377462742,12.6427144056612,12.7152039192038,37495.3471063242,1.00000629473371
"post_ln_pred[30]",12.5214630092038,0.000329126148292513,0.0635759952773986,12.3963790691322,12.4786572185406,12.5219081227554,12.5646338968384,12.6448875322515,37313.1196563817,0.999981753719452
"post_ln_pred[31]",12.514394751945,0.000281250608142979,0.0543480387505919,12.4084786351956,12.4778475245589,12.5142406839694,12.5509527537421,12.6218222469758,37340.5587601104,0.999998037621162
"post_ln_pred[32]",12.3146980279891,0.000334340527514968,0.0659890107837241,12.1858185419523,12.2698900653529,12.3145116803964,12.3592369819811,12.4448853964906,38955.1776689182,1.00008898309468
"post_ln_pred[33]",12.205733800863,0.000365425267232062,0.0723255760857612,12.0648385624961,12.1566037932871,12.2056204490312,12.2546730212649,12.3468343361447,39172.9841354527,0.999928428978641
"post_ln_pred[34]",12.1337087666631,0.00026627160085351,0.0524081785229116,12.0306189461324,12.0986057302373,12.133809044505,12.1689591613419,12.2360263242111,38739.0024293423,0.999969787913089
"post_ln_pred[35]",11.7454745461035,0.000303292402338706,0.0592515208731981,11.628735047873,11.7053916037907,11.7458359199283,11.7854683006818,11.8615979734268,38165.9381762804,1.00002781767565
"post_ln_pred[36]",11.732529752371,0.00051181170840639,0.0996592551405771,11.5362262614849,11.6654152640592,11.7327558898727,11.8000459416141,11.9268162836695,37915.3300024154,1.00009108934929
"post_ln_pred[37]",11.4176607493614,0.000338020485628657,0.0637467529980503,11.2925960715342,11.3746792172849,11.4177887432354,11.4605032478922,11.5418250947285,35565.596270759,0.999960688926712
"post_ln_pred[38]",11.541466244907,0.000407081957861574,0.0790028526017183,11.3854950345662,11.4881896590255,11.5412834638958,11.5951332856347,11.6959876616162,37663.6006742464,0.999941663653356
"post_ln_pred[39]",11.4873355669706,0.000366438210963763,0.0691635013094537,11.3520829124365,11.440424677337,11.4873187898803,11.533987883815,11.6231695057623,35624.7998610338,1.00001243372276
"post_ln_pred[40]",11.803218488443,0.000372213980761072,0.0734674437549948,11.6607472028256,11.7538423033458,11.8035083012231,11.8528077905129,11.9462102796055,38958.7034395604,0.999955382077165
"post_ln_pred[41]",11.8319917649385,0.000409558083235376,0.0808682822292192,11.6727078232253,11.7771036766084,11.8323129738372,11.8864595243104,11.9907102930588,38987.5040259553,0.999961422533404
"post_ln_pred[42]",11.8331715259282,0.000602462457963709,0.119062731033177,11.6003626565094,11.7529017980721,11.8332129825685,11.9136109681832,12.0653133750872,39056.3542732151,1.00005821705032
"post_ln_pred[43]",11.8598527510028,0.000563748914386396,0.111921402900609,11.6391925745222,11.7845225252342,11.8596941879895,11.9354278727267,12.07732094919,39414.3939793994,1.00010175102543
"post_ln_pred[44]",12.2435706562495,0.000524723300640887,0.105760319078068,12.0382102671964,12.1728690397761,12.2430205662789,12.3149547376038,12.4522360407531,40624.1984775344,1.00003399462736
"post_pred[1]",195011.125682504,172.770927537918,34072.7129175371,136574.568955267,171090.782864422,192104.785522604,215952.462231465,270329.461118723,38893.0586524917,0.999956320960808
"post_pred[2]",274094.96671951,164.631844516672,32366.1821372897,216483.382859723,251505.437489365,272196.695165822,294590.13265431,343307.361249005,38650.5127242198,0.999991911981421
"post_pred[3]",216249.572213305,189.704055503239,36925.715191754,152710.169248735,190254.508747826,213253.92768075,239043.818456583,297081.514792768,37888.2547321985,1.00007314160493
"post_pred[4]",214794.662319439,269.003902297944,53824.9899277344,128755.137920721,176353.116837647,208143.38045709,245765.384841531,338185.083565306,40036.0067863262,1.00000095312963
"post_pred[5]",298190.321859861,249.617190633752,49876.5568398141,212000.664899551,263079.72948858,294002.395948539,328928.765671668,407157.515099351,39924.9101801673,0.999937400172935
"post_pred[6]",264346.900753865,92.9972730013454,18240.6801448395,230421.292083659,251703.08764263,263757.452886051,276321.061859329,301985.958978965,38471.7222285246,1.00009800157216
"post_pred[7]",148350.545663836,76.6226856065478,14908.5089310727,121274.037388385,137905.838186241,147574.5264541,158024.301244564,179602.094590403,37857.6524581727,0.999980315907449
"post_pred[8]",152049.523350101,97.073572306994,19444.0953474736,117762.72999049,138312.887747395,150770.722224149,164449.748348282,193519.35570769,40121.1580737226,0.999945749588622
"post_pred[9]",172249.738501164,93.6046640694888,18672.1715259064,138708.855839354,159194.559333082,171271.883083605,184179.854523882,212095.229548584,39791.9001764363,0.99996414058004
"post_pred[10]",149528.911550507,107.287539794907,21281.1131231437,112050.991938411,134569.926334377,147907.821030658,162828.613919703,195413.040915541,39345.0505236353,1.00007031631849
"post_pred[11]",132956.971134748,74.9142111380803,14964.9714345141,106100.507498561,122472.953601924,132128.156363537,142582.401261199,164580.813457637,39904.6368632511,0.999932322527931
"post_pred[12]",177448.012564506,66.5877525949115,13261.1844127369,152633.237404986,168329.883161141,177047.867795515,186050.955187763,204771.911692214,39662.1191123994,0.999909570158438
"post_pred[13]",194859.408060719,95.3743093777921,19006.6496063591,160210.378171009,181702.884498896,193920.454158832,207180.63221439,235030.332124958,39714.429157708,1.00001179987509
"post_pred[14]",200666.717584969,79.9670655689654,15961.8082673562,171201.057830235,189646.106760952,200066.24612652,210939.631069696,234223.455271161,39842.0668869914,0.999996464206967
"post_pred[15]",236577.464765321,107.293912480684,21077.2712620164,198234.810858273,221737.431049204,235669.618594471,250151.427397057,280784.032949534,38590.3400448061,1.00000048292417
"post_pred[16]",201180.833972754,77.4084428060591,15179.045497807,173043.398920602,190671.958468481,200574.422745911,211011.821739115,232939.434012715,38451.4094294149,1.00006381537633
"post_pred[17]",231814.560387686,118.034243208921,23606.6000237511,188903.158136448,215397.305350494,230638.833019174,246925.068750896,281427.59533055,39999.1574759418,0.999917981736489
"post_pred[18]",239457.012870072,164.309625990881,32690.676562029,182097.821218311,216455.889508062,237256.391585903,260058.008534221,309231.350321164,39584.1937235444,0.999934576069748
"post_pred[19]",317916.479781665,181.515510038304,35369.1914182436,254042.137036265,293210.483817596,315933.001639074,340417.443773776,392629.225414526,37968.4424910735,0.999947451865696
"post_pred[20]",302315.638713077,202.449074691537,39873.5270390433,231333.64834136,274303.608044752,299505.020814666,327543.760325947,387532.313892627,38791.6018904425,1.0000233863566
"post_pred[21]",272113.468452589,136.645036849014,27004.664862971,223292.414303098,253189.571661828,270932.569738283,289438.897290695,328462.76346696,39056.1886333563,0.999983041397382
"post_pred[22]",232876.295621844,161.463384301892,32048.1655933016,176065.47091408,210451.732573403,230718.866417431,252948.865869312,301553.088386657,39396.5552447711,0.999998565496117
"post_pred[23]",227279.148913461,124.687425998212,24874.942940298,182798.262559036,209766.140399116,225883.449920107,243175.687049714,280068.452602279,39799.6146538539,0.9999833195378
"post_pred[24]",161087.968102301,54.2766147373442,10720.1424796464,141097.261304212,153720.265859921,160717.293121396,168077.947941785,182963.026507069,39009.969411693,1.00020258121351
"post_pred[25]",131349.822331056,56.8728082254055,11237.328093583,110629.253194209,123582.513349209,130836.436053086,138614.867714883,154878.30496638,39040.6262846459,0.999967262925765
"post_pred[26]",184402.99175088,73.6689879566405,14774.5664918437,157070.139218283,174196.976956633,183878.281245482,193978.386523834,215003.665000844,40221.6688790738,1.00011476372662
"post_pred[27]",216636.764655095,63.1574615179946,12669.0087995716,192933.171843857,207912.262380317,216284.34385087,224967.741385352,242225.785514073,40237.9589584345,1.00000022071564
"post_pred[28]",212181.508567516,67.9361294853817,13692.3110671903,186630.518025124,202767.730587712,211748.436266676,221069.93927731,240388.117832749,40621.1218761974,0.999998669853405
"post_pred[29]",298232.436056503,87.9867177665704,17035.6754386355,266192.63948888,286503.760520055,297817.971892068,309500.320194763,332769.028181532,37487.3274991701,1.00000241871375
"post_pred[30]",274713.183667399,90.4612980445183,17469.0850135058,241924.039411893,262670.905717981,274280.921955233,286253.739305801,310173.634904365,37291.9150487769,0.999984759607452
"post_pred[31]",272630.313491052,76.7488468909165,14834.3326118271,244868.995732175,262458.308743501,272185.931645403,282364.128763804,303101.268152038,37358.7474151711,0.99999896001577
"post_pred[32]",223434.928750618,74.7885918814211,14762.7245892048,195989.926592748,213179.553838174,222907.391716469,233103.300010439,253948.151317134,38963.8912550458,1.00008872714189
"post_pred[33]",200455.890958517,73.3331284358787,14518.9235622328,173657.207375402,190346.960416843,199909.581145366,209960.148212104,230230.05708353,39198.4064963166,0.999926570227692
"post_pred[34]",186294.037524621,49.6117877175254,9764.8512317018,167815.249202032,179621.247108209,186057.12784793,192713.355920351,206081.360620197,38740.1688118498,0.999971244076254
"post_pred[35]",126402.890336771,38.3982271655433,7494.67152676788,112278.205487865,121223.545529043,126226.844438603,131329.971384293,141718.499824823,38096.3054245523,1.00002612487551
"post_pred[36]",125177.901565826,64.1192138215636,12489.065675031,102357.438085234,116473.058073998,124586.544497433,133258.474914328,151269.196019672,37938.793991345,1.00009136641784
"post_pred[37]",91098.1211576251,30.8147168037917,5812.95898154988,80225.4497071069,87088.4212118092,90924.8611922789,94892.8128587857,102932.127609915,35585.9164902018,0.999955743993073
"post_pred[38]",103216.832071775,42.0825911757269,8168.15958877245,88035.465962237,97556.7617152345,102876.391488187,108568.141341906,120088.909703309,37674.1517414865,0.999944737751226
"post_pred[39]",97706.9003723566,35.8601789289317,6766.37104046147,85142.611543938,93006.5014125809,97471.8395249658,102128.579713182,111655.052108653,35603.0097917178,1.00001340309504
"post_pred[40]",134043.035031239,49.9438493555837,9855.7824999346,115930.621753988,127241.521479204,133720.663345,140478.227384526,154231.543219061,38941.9950871603,0.999959345173086
"post_pred[41]",138034.796958066,56.6246803768175,11178.5877017792,117325.54938297,130236.02713875,137628.454405505,145286.004615545,161249.848167512,38972.866481581,0.999962841756351
"post_pred[42]",138726.545049852,83.8102844032583,16579.0470797036,109137.371479538,127121.906415528,137752.37697454,149284.769886181,173739.681582353,39131.3202542761,1.00004462381847
"post_pred[43]",142359.446822147,80.4342951078122,15962.6400350016,113458.518635671,131205.821441665,141448.95486696,152577.489330812,175838.44902084,39384.6436208688,1.00008640695162
"post_pred[44]",208806.50211128,109.919842651247,22147.5471210721,169094.036350244,193468.316645304,207527.795994291,223006.174323062,255821.711347236,40597.4796385636,1.00004288549231
"post_ln_fcst",11.7054039489721,0.00146028358053877,0.2880893735928,11.1384923175763,11.5113081155113,11.7058326217116,11.8973679419711,12.2712821190447,38920.6490909878,1.00002313341685
"post_fcst",126370.767985836,188.985199723918,37296.4840559559,68767.8980967374,99838.3957746535,121277.019075561,146879.520617017,213476.517908806,38947.5548464531,1.00001510608862
"logLike[1]",-3.88875116896573,0.00109112517825484,0.217338434362175,-4.3198137233472,-4.03269398365615,-3.88708116223327,-3.74080705901528,-3.4692609518975,39675.6374900164,1.00000905125888
"logLike[2]",0.547428348222183,0.00112149048451986,0.184007642535213,0.152133433288824,0.430697134031733,0.559503256650161,0.677969828902267,0.87110102806024,26920.3397348868,1.00006616318554
"logLike[3]",0.667670196679844,0.000254122912609663,0.0478390082476225,0.56594581255789,0.637322401523842,0.671013306448593,0.70146008962628,0.752910266907223,35438.6106059557,1.00002525940361
"logLike[4]",-2.10755986210461,0.000650695069409528,0.122867768538917,-2.35154454995093,-2.18927093907064,-2.10531880382348,-2.0238854706986,-1.86936782527263,35655.0385218321,1.00002443751213
"logLike[5]",0.822060683281993,0.00027836296896249,0.0445209126517965,0.715525467767241,0.797265112057763,0.830113162803288,0.855400770532236,0.883712115680872,25580.274300911,1.00003922899408
"logLike[6]",-39.3749284605359,0.0142073818981619,2.36616773607891,-44.1203300205538,-40.9470706720091,-39.3461300548506,-37.756458680203,-34.8332476471788,27737.221032084,1.00005700416796
"logLike[7]",1.38291455261196,9.46867016173205e-05,0.0172128335636412,1.33370633066558,1.379096615478,1.3895213197339,1.39380813903982,1.39500969190569,33046.598368749,1.00007732112046
"logLike[8]",0.426296568463838,0.000740296247063063,0.132478257179279,0.14618318065613,0.34091618945158,0.432820458653931,0.518592796546188,0.665760847179926,32024.1872699635,1.00002022394621
"logLike[9]",0.118871175048643,0.000914338167788901,0.178994640842726,-0.251716829236339,0.0022427067734328,0.125862474274743,0.242535969799028,0.452127613726322,38323.6052569612,0.99999677925366
"logLike[10]",0.26110628172581,0.000701161396386447,0.124393349189116,0.00522652832501851,0.179989555457494,0.265539352090129,0.347494826150195,0.492866938852087,31474.4628775301,1.00000988713119
"logLike[11]",-2.96125934000321,0.00266250836409592,0.440489672594541,-3.87025681703054,-3.25002111684866,-2.94654090514695,-2.65714740892201,-2.13734271541976,27370.9265928028,1.00003398926745
"logLike[12]",-0.566354975473776,0.00176073900979935,0.349053956316069,-1.28893053380298,-0.793199340846216,-0.554078379953523,-0.323833764217225,0.0802887122171672,39300.235886954,1.00000699509756
"logLike[13]",0.843616968202497,0.00067879026678911,0.135082635140044,0.558676553393826,0.758079295266304,0.851117827783432,0.938696730134242,1.0851396134427,39602.977182531,1.00001333668176
"logLike[14]",-5.42187811029913,0.00302833465267424,0.59666608073147,-6.61905678012728,-5.81401521932738,-5.41044149042822,-5.01385087173066,-4.2865118061567,38819.9496073869,1.00001365429137
"logLike[15]",1.00663468383261,0.000965513492219656,0.17109708201941,0.631088535694715,0.900317314173463,1.02055003485105,1.12916471251663,1.2972910819695,31402.8100138125,1.0000436836617
"logLike[16]",-4.49436052518422,0.00296217271505267,0.582780292716882,-5.66834705859312,-4.87727031410722,-4.48171341326256,-4.09497511494401,-3.38883850597909,38706.9507558318,1.00001422508151
"logLike[17]",-0.0134506435087238,0.00133045668284829,0.238713928215324,-0.508227218706582,-0.168721833312396,-0.00174064770007709,0.152392853987717,0.426143087069748,32192.4507780277,1.00003541457002
"logLike[18]",-6.20440090521175,0.00242749416826156,0.426405096989481,-7.05417976538748,-6.48844013475963,-6.19665872032782,-5.91521336105372,-5.38206746648523,30855.2013064606,1.00004178250945
"logLike[19]",0.158724983949685,0.0020112597388808,0.315787980174846,-0.516882799801876,-0.0413217638013401,0.181018271365635,0.383216358968111,0.711969300398451,24652.15392902,1.00005958575829
"logLike[20]",0.938052562044541,0.000620837545506864,0.0988014165112003,0.711152973710646,0.879973626017118,0.951593843316156,1.01058982091153,1.09014244368421,25326.2211989678,1.00004694967899
"logLike[21]",1.33944781789191,0.000400998381575338,0.0663295974546436,1.1683267996773,1.30754057016292,1.35685249637015,1.39027066323786,1.4105728963767,27360.8436026989,1.00007484946839
"logLike[22]",0.814312181643256,0.000426032345668187,0.0762394838587061,0.649912481763241,0.76622441282242,0.820460961539171,0.868393730450438,0.947157368094009,32023.9388873437,1.00003413676132
"logLike[23]",-3.69184626603175,0.00224936369568057,0.408915120417038,-4.52218523133798,-3.961614317653,-3.68572564566163,-3.41123472015872,-2.91548950411921,33048.1365628136,1.00003451752499
"logLike[24]",-7.07616850972046,0.00452567071179322,0.846571291770552,-8.78667600500479,-7.63756833373057,-7.05850962450725,-6.49550452449335,-5.46321842680378,34991.3880832631,1.00000332515275
"logLike[25]",-9.10053813070225,0.00579115368084158,0.9530222916591,-11.0548859659349,-9.72604390190231,-9.07217990395644,-8.44478730592246,-7.30733178511293,27081.7009556702,1.00003486561304
"logLike[26]",-3.80218746318881,0.00253426159319266,0.506189807308619,-4.83145053320216,-4.13512721222749,-3.79279464187681,-3.45463403154241,-2.84044481911807,39895.4996051925,1.00000576165854
"logLike[27]",1.15975368476094,0.00156389541609721,0.29416068444039,0.511678145312494,0.978766357438382,1.18916681438896,1.37122301578749,1.65529361127703,35379.6751785249,1.00002513243262
"logLike[28]",-35.1554642874182,0.00925644801087213,1.76481933053584,-38.6493077725949,-36.3265612556357,-35.1296304619244,-33.950007442755,-31.7432262137738,36350.6157315219,1.00002200834269
"logLike[29]",0.378407977670771,0.00435703243898799,0.695574657548508,-1.17745805648603,-0.0455240160789412,0.45536949774363,0.882275013412442,1.51131419903658,25486.2485691543,1.0000503959247
"logLike[30]",-1.94742762339642,0.00512013611416869,0.839333117442108,-3.71979999529314,-2.48702971276356,-1.89904075700581,-1.35754687210107,-0.437322484355211,26872.3536150571,1.00005275556459
"logLike[31]",0.385072442553467,0.00396043893143581,0.651471673535898,-1.06683607273003,-0.0145921348824746,0.448197521204175,0.855378560517102,1.46667874886504,27058.5445099903,1.00006813165327
"logLike[32]",1.63341599898687,0.000683473415018263,0.126137178476257,1.32779250544881,1.56416837344464,1.65550740956282,1.72793861933278,1.80745299112411,34059.8688436523,1.00002863187871
"logLike[33]",1.64319630254915,0.000341161241716426,0.0673610274096058,1.47422992669798,1.60863100820299,1.65855827131705,1.69425431088297,1.72418780897693,38985.0443113339,0.999994846709462
"logLike[34]",-41.1078975519035,0.0110234885828524,2.20416505337246,-45.5102255698037,-42.5817721957334,-41.0673909339797,-39.6182437088081,-36.8650915679861,39980.6740362705,1.00000209366648
"logLike[35]",0.412973025291714,0.00347161809537147,0.564561240313878,-0.833080325954166,0.062238235273174,0.460066467184472,0.818667726501849,1.37376540280996,26445.8926248601,1.00002545144509
"logLike[36]",-12.008657267657,0.00604062990869201,0.976007700332144,-13.9649715884042,-12.6579403946195,-12.0006190580462,-11.3441337955692,-10.1207737124299,26106.1020258245,1.00003492175832
"logLike[37]",1.7024199346809,0.00186040424180051,0.28343741095468,0.916263214739655,1.6048451671863,1.80646046053993,1.90422996163171,1.93477055400688,23211.3127065358,1.00005753872791
"logLike[38]",-2.7826602761516,0.00612003749558317,0.942745242765884,-4.76391234430365,-3.38920882237812,-2.73466149067926,-2.12169108392723,-1.0727294848665,23729.059933377,1.00004641468896
"logLike[39]",-6.09053548917864,0.0105118879945626,1.59846680921043,-9.46446054070104,-7.11975934069222,-6.00594990456603,-4.97235347100239,-3.20700004764528,23123.0861018766,1.00006218300091
"logLike[40]",1.63343198809536,0.00053041475947162,0.0899499441255061,1.39722338076135,1.59242095601707,1.65992647323802,1.70201245990347,1.72205584179226,28758.7890423014,1.00000173123252
"logLike[41]",1.43545964163965,0.000687662568703785,0.117046505958174,1.1569595858052,1.36913023694052,1.45522819765521,1.52322610859838,1.60211102127858,28971.1768482532,1.00000566856287
"logLike[42]",1.20163939862542,0.000109362534853927,0.0192806101860015,1.1477537058377,1.19571154102931,1.20886917161112,1.21490652017799,1.21667713647211,31081.6748183513,0.999994362826981
"logLike[43]",-8.00440999941018,0.00351444741538677,0.603087576141081,-9.2283772798182,-8.40388734164246,-7.9913839788759,-7.59350236304007,-6.85880109245064,29447.3802665429,1.00002419384468
"logLike[44]",-13.9893791078255,0.00350311492485133,0.675181062137688,-15.3390723334963,-14.44237067693,-13.9820538362901,-13.5342236767956,-12.6967902493695,37147.6833094749,1.00001838514995
"post_ln_fcst_unc",11.7465849031379,0.00143292686120787,0.2854645262324,11.1815743744438,11.5537361659225,11.7474823593817,11.9402361667197,12.3038441958133,39687.7288843351,0.999977837044469
"post_fcst_unc",131570.047524254,192.69418337284,38299.0117318797,71795.3058335422,104165.49026509,126434.840481392,153312.89335872,220542.168496603,39503.7136458243,0.999984760163649
"ln_sd_fcst",0.286250642266757,3.20433058081708e-06,0.000455354821424067,0.285905333486886,0.285943762620935,0.286075488608419,0.286381287610194,0.287532702546795,20194.134740877,1.00009091095073
"lp__",-255.867328618941,0.00637980803237425,1.00444940345746,-258.549923325013,-256.258594376151,-255.558728244197,-255.15171328872,-254.887935456177,24787.9669394156,1.00011025511243
